id,features,model,actual,predicted
ak024afh4bqb,geo,Median baseline,3.6,5.4
tx2024pxly,geo,Median baseline,3.6,5.4
us6000nk0u,geo,Median baseline,3.6,5.4
us7000n74c,geo,Median baseline,5.4,5.4
ak024ahahkdx,geo,Median baseline,3.5,5.4
ci40703159,geo,Median baseline,3.61,5.4
uu80078591,geo,Median baseline,3.29,5.4
ak024ahfsqha,geo,Median baseline,3.6,5.4
us7000n7ae,geo,Median baseline,3.8,5.4
tx2024qamq,geo,Median baseline,3.8,5.4
us7000n7b8,geo,Median baseline,6.1,5.4
ak024aiz7bgz,geo,Median baseline,3.7,5.4
ak024am4pt2a,geo,Median baseline,3.6,5.4
us7000n7v7,geo,Median baseline,5.7,5.4
us7000n803,geo,Median baseline,4.0,5.4
ak024anwp3rf,geo,Median baseline,3.5,5.4
ak024apmmyun,geo,Median baseline,3.3,5.4
us7000n8ey,geo,Median baseline,5.5,5.4
ak024asoq1gu,geo,Median baseline,3.8,5.4
us7000n8ql,geo,Median baseline,4.4,5.4
us7000n8wd,geo,Median baseline,4.2,5.4
tx2024qnpx,geo,Median baseline,3.9,5.4
ak024aue0wms,geo,Median baseline,3.1,5.4
nn00882840,geo,Median baseline,3.0,5.4
nn00882850,geo,Median baseline,3.3,5.4
us7000n90a,geo,Median baseline,4.3,5.4
nn00882856,geo,Median baseline,4.3,5.4
us7000n93k,geo,Median baseline,3.9,5.4
nn00882900,geo,Median baseline,3.3,5.4
us7000n974,geo,Median baseline,3.2,5.4
nn00882931,geo,Median baseline,3.3,5.4
nn00882938,geo,Median baseline,3.4,5.4
nn00882964,geo,Median baseline,3.9,5.4
us7000n9d8,geo,Median baseline,3.6,5.4
ak024axy3ol9,geo,Median baseline,3.6,5.4
us7000n9fh,geo,Median baseline,5.4,5.4
us7000n9hl,geo,Median baseline,5.5,5.4
at00siu1as,geo,Median baseline,5.0,5.4
us6000nmvh,geo,Median baseline,5.1,5.4
ak024azio1hm,geo,Median baseline,5.0,5.4
ak024b15x0ci,geo,Median baseline,3.9,5.4
us6000nn2e,geo,Median baseline,4.0,5.4
us6000nn4i,geo,Median baseline,4.8,5.4
us6000nn4q,geo,Median baseline,5.1,5.4
ci40717127,geo,Median baseline,3.31,5.4
tx2024qyag,geo,Median baseline,3.9,5.4
us6000nncs,geo,Median baseline,6.1,5.4
us6000nnfd,geo,Median baseline,5.4,5.4
ak024b66fres,geo,Median baseline,4.0,5.4
us6000nnqj,geo,Median baseline,4.4,5.4
ak024b7jdl49,geo,Median baseline,3.5,5.4
us6000nnt8,geo,Median baseline,3.7,5.4
ak024b7nl895,geo,Median baseline,3.7,5.4
tx2024rcoz,geo,Median baseline,3.3,5.4
us6000nnuf,geo,Median baseline,3.6,5.4
us6000nnv1,geo,Median baseline,3.6,5.4
tx2024rctc,geo,Median baseline,3.4,5.4
us6000np16,geo,Median baseline,3.5,5.4
us6000np1d,geo,Median baseline,3.8,5.4
nc75056036,geo,Median baseline,3.4,5.4
ak024b9eizri,geo,Median baseline,4.6,5.4
ci40722367,geo,Median baseline,3.14,5.4
ak024bb0yj99,geo,Median baseline,3.4,5.4
nc75056881,geo,Median baseline,3.46,5.4
us6000npl9,geo,Median baseline,4.0,5.4
us6000nprj,geo,Median baseline,3.0,5.4
us6000nprk,geo,Median baseline,3.1,5.4
nn00883977,geo,Median baseline,3.1,5.4
us6000nprr,geo,Median baseline,4.3,5.4
ak024bftos9s,geo,Median baseline,3.1,5.4
us6000npu5,geo,Median baseline,5.7,5.4
nc75057881,geo,Median baseline,3.32,5.4
ak024bg502ak,geo,Median baseline,3.5,5.4
us6000nq0y,geo,Median baseline,5.7,5.4
nc75058116,geo,Median baseline,3.47,5.4
us6000nq4h,geo,Median baseline,4.3,5.4
ci40727055,geo,Median baseline,3.17,5.4
nc75058606,geo,Median baseline,4.28,5.4
nc75058591,geo,Median baseline,3.09,5.4
ci40727423,geo,Median baseline,3.45,5.4
ci40727543,geo,Median baseline,3.94,5.4
ak024bjghahf,geo,Median baseline,3.9,5.4
ak024bjhu6mh,geo,Median baseline,3.4,5.4
uu80081806,geo,Median baseline,3.35,5.4
us6000nqee,geo,Median baseline,3.9,5.4
tx2024rquq,geo,Median baseline,3.8,5.4
tx2024rteg,geo,Median baseline,3.3,5.4
ak024bmotm5n,geo,Median baseline,3.5,5.4
us6000nqrs,geo,Median baseline,5.4,5.4
tx2024rvqa,geo,Median baseline,3.8,5.4
ak024bofw3ks,geo,Median baseline,4.0,5.4
ak024bpq2tje,geo,Median baseline,3.6,5.4
ak024bpttx2t,geo,Median baseline,3.5,5.4
us7000nd1m,geo,Median baseline,5.4,5.4
nn00884526,geo,Median baseline,3.5,5.4
ak024bpxi37y,geo,Median baseline,3.9,5.4
ak024brf3kl8,geo,Median baseline,4.0,5.4
us7000nd7s,geo,Median baseline,3.9,5.4
ci40731623,geo,Median baseline,4.69,5.4
ci40731759,geo,Median baseline,3.44,5.4
ci40731847,geo,Median baseline,3.43,5.4
ci40732519,geo,Median baseline,3.23,5.4
us7000ndp6,geo,Median baseline,5.7,5.4
us7000ndsq,geo,Median baseline,3.9,5.4
ak024bux6req,geo,Median baseline,4.3,5.4
us7000ndte,geo,Median baseline,4.1,5.4
tx2024scvz,geo,Median baseline,3.9,5.4
us7000ne1l,geo,Median baseline,5.0,5.4
us7000ne1t,geo,Median baseline,5.5,5.4
ak024bwl81gj,geo,Median baseline,4.3,5.4
us7000ne51,geo,Median baseline,6.5,5.4
us7000ne5y,geo,Median baseline,4.7,5.4
ci40734823,geo,Median baseline,3.7,5.4
us7000ne8y,geo,Median baseline,5.5,5.4
us7000ne9g,geo,Median baseline,4.5,5.4
us7000neam,geo,Median baseline,4.6,5.4
ak024byar90f,geo,Median baseline,3.6,5.4
us7000nebk,geo,Median baseline,3.9,5.4
us7000necw,geo,Median baseline,4.8,5.4
tx2024shcj,geo,Median baseline,5.1,5.4
us6000nsvf,geo,Median baseline,4.2,5.4
ak024afh4bqb,geo,Linear Regression,3.6,3.7848042029325724
tx2024pxly,geo,Linear Regression,3.6,4.275307546232417
us6000nk0u,geo,Linear Regression,3.6,4.277490365062524
us7000n74c,geo,Linear Regression,5.4,5.529637492840028
ak024ahahkdx,geo,Linear Regression,3.5,3.796633705526137
ci40703159,geo,Linear Regression,3.61,4.187281395368336
uu80078591,geo,Linear Regression,3.29,4.178500895512864
ak024ahfsqha,geo,Linear Regression,3.6,3.7401523277197057
us7000n7ae,geo,Linear Regression,3.8,3.7425366566807603
tx2024qamq,geo,Linear Regression,3.8,4.288013408471239
us7000n7b8,geo,Linear Regression,6.1,5.538589368803154
ak024aiz7bgz,geo,Linear Regression,3.7,3.7962277426570274
ak024am4pt2a,geo,Linear Regression,3.6,3.8024829240164206
us7000n7v7,geo,Linear Regression,5.7,5.709122091271075
us7000n803,geo,Linear Regression,4.0,3.7126747495529235
ak024anwp3rf,geo,Linear Regression,3.5,3.714456120529012
ak024apmmyun,geo,Linear Regression,3.3,3.8326111504752234
us7000n8ey,geo,Linear Regression,5.5,5.44362774413047
ak024asoq1gu,geo,Linear Regression,3.8,3.7762955260901467
us7000n8ql,geo,Linear Regression,4.4,3.751966010136126
us7000n8wd,geo,Linear Regression,4.2,4.269457585718554
tx2024qnpx,geo,Linear Regression,3.9,4.270848673444138
ak024aue0wms,geo,Linear Regression,3.1,3.7954725263641906
nn00882840,geo,Linear Regression,3.0,4.127371188610176
nn00882850,geo,Linear Regression,3.3,4.12532212256226
us7000n90a,geo,Linear Regression,4.3,4.125624636037534
nn00882856,geo,Linear Regression,4.3,4.126545260099799
us7000n93k,geo,Linear Regression,3.9,3.9328412216859476
nn00882900,geo,Linear Regression,3.3,4.12876612833355
us7000n974,geo,Linear Regression,3.2,4.133192648974303
nn00882931,geo,Linear Regression,3.3,4.126280264838039
nn00882938,geo,Linear Regression,3.4,4.127120829574866
nn00882964,geo,Linear Regression,3.9,4.124583571554981
us7000n9d8,geo,Linear Regression,3.6,3.8034029996205705
ak024axy3ol9,geo,Linear Regression,3.6,3.8103074056162614
us7000n9fh,geo,Linear Regression,5.4,4.720472824886498
us7000n9hl,geo,Linear Regression,5.5,5.8572120964854415
at00siu1as,geo,Linear Regression,5.0,3.76665361208167
us6000nmvh,geo,Linear Regression,5.1,3.793368366898635
ak024azio1hm,geo,Linear Regression,5.0,3.7871933719348214
ak024b15x0ci,geo,Linear Regression,3.9,3.7879819483670154
us6000nn2e,geo,Linear Regression,4.0,3.805327164015567
us6000nn4i,geo,Linear Regression,4.8,3.8426155320235273
us6000nn4q,geo,Linear Regression,5.1,6.485972951145301
ci40717127,geo,Linear Regression,3.31,4.203239753891513
tx2024qyag,geo,Linear Regression,3.9,4.272379770583662
us6000nncs,geo,Linear Regression,6.1,4.580339653044615
us6000nnfd,geo,Linear Regression,5.4,5.500012082038335
ak024b66fres,geo,Linear Regression,4.0,3.797956143109177
us6000nnqj,geo,Linear Regression,4.4,3.7867574511807467
ak024b7jdl49,geo,Linear Regression,3.5,3.7865851149335343
us6000nnt8,geo,Linear Regression,3.7,3.7819514966724723
ak024b7nl895,geo,Linear Regression,3.7,3.819095266647434
tx2024rcoz,geo,Linear Regression,3.3,4.271231364184778
us6000nnuf,geo,Linear Regression,3.6,4.276719059730577
us6000nnv1,geo,Linear Regression,3.6,4.279777142264142
tx2024rctc,geo,Linear Regression,3.4,4.273754566726027
us6000np16,geo,Linear Regression,3.5,4.098636990775081
us6000np1d,geo,Linear Regression,3.8,4.2843107977332
nc75056036,geo,Linear Regression,3.4,4.135924286568999
ak024b9eizri,geo,Linear Regression,4.6,3.8177940964579835
ci40722367,geo,Linear Regression,3.14,4.166361151081449
ak024bb0yj99,geo,Linear Regression,3.4,3.7947477104163827
nc75056881,geo,Linear Regression,3.46,4.144560949799871
us6000npl9,geo,Linear Regression,4.0,3.91067594052849
us6000nprj,geo,Linear Regression,3.0,4.142529574386044
us6000nprk,geo,Linear Regression,3.1,4.142518595442171
nn00883977,geo,Linear Regression,3.1,4.148002729087396
us6000nprr,geo,Linear Regression,4.3,3.77706224545579
ak024bftos9s,geo,Linear Regression,3.1,3.747494882008096
us6000npu5,geo,Linear Regression,5.7,5.331251059792927
nc75057881,geo,Linear Regression,3.32,4.1540602200057135
ak024bg502ak,geo,Linear Regression,3.5,3.78988538616764
us6000nq0y,geo,Linear Regression,5.7,5.248826544826954
nc75058116,geo,Linear Regression,3.47,4.120684229884606
us6000nq4h,geo,Linear Regression,4.3,3.8116365827509124
ci40727055,geo,Linear Regression,3.17,4.166376348617514
nc75058606,geo,Linear Regression,4.28,4.0949778150893055
nc75058591,geo,Linear Regression,3.09,4.094228760657334
ci40727423,geo,Linear Regression,3.45,4.178759885753419
ci40727543,geo,Linear Regression,3.94,4.1768579715020895
ak024bjghahf,geo,Linear Regression,3.9,3.7655733187461187
ak024bjhu6mh,geo,Linear Regression,3.4,3.8056251928048614
uu80081806,geo,Linear Regression,3.35,4.128775281971537
us6000nqee,geo,Linear Regression,3.9,4.277562716524391
tx2024rquq,geo,Linear Regression,3.8,4.270805003741667
tx2024rteg,geo,Linear Regression,3.3,4.272601420050817
ak024bmotm5n,geo,Linear Regression,3.5,3.7954794369823412
us6000nqrs,geo,Linear Regression,5.4,5.854911979085282
tx2024rvqa,geo,Linear Regression,3.8,4.271608535479326
ak024bofw3ks,geo,Linear Regression,4.0,3.7384464423249826
ak024bpq2tje,geo,Linear Regression,3.6,3.773391613664251
ak024bpttx2t,geo,Linear Regression,3.5,3.834784500395184
us7000nd1m,geo,Linear Regression,5.4,5.192485309700317
nn00884526,geo,Linear Regression,3.5,4.164681055061525
ak024bpxi37y,geo,Linear Regression,3.9,3.9374389147059827
ak024brf3kl8,geo,Linear Regression,4.0,3.7226320850485557
us7000nd7s,geo,Linear Regression,3.9,3.752983750478591
ci40731623,geo,Linear Regression,4.69,4.180961581543838
ci40731759,geo,Linear Regression,3.44,4.1803233365277475
ci40731847,geo,Linear Regression,3.43,4.180572248123405
ci40732519,geo,Linear Regression,3.23,4.180339097067289
us7000ndp6,geo,Linear Regression,5.7,5.550959176488596
us7000ndsq,geo,Linear Regression,3.9,3.8109498897167593
ak024bux6req,geo,Linear Regression,4.3,3.757252670735917
us7000ndte,geo,Linear Regression,4.1,4.275529645374104
tx2024scvz,geo,Linear Regression,3.9,4.271145656554506
us7000ne1l,geo,Linear Regression,5.0,3.9494529142224755
us7000ne1t,geo,Linear Regression,5.5,5.739247568997169
ak024bwl81gj,geo,Linear Regression,4.3,3.776830224293304
us7000ne51,geo,Linear Regression,6.5,3.942011890806315
us7000ne5y,geo,Linear Regression,4.7,3.943598489106601
ci40734823,geo,Linear Regression,3.7,4.180240867939437
us7000ne8y,geo,Linear Regression,5.5,5.515433065897738
us7000ne9g,geo,Linear Regression,4.5,3.8540942282734396
us7000neam,geo,Linear Regression,4.6,4.08609375994992
ak024byar90f,geo,Linear Regression,3.6,3.8172802759368523
us7000nebk,geo,Linear Regression,3.9,3.829862284249769
us7000necw,geo,Linear Regression,4.8,4.272576266753952
tx2024shcj,geo,Linear Regression,5.1,4.275830259460714
us6000nsvf,geo,Linear Regression,4.2,3.9421168219833262
ak024afh4bqb,geo,Random Forest,3.6,3.6658000000000026
tx2024pxly,geo,Random Forest,3.6,4.363000000000001
us6000nk0u,geo,Random Forest,3.6,4.105600000000003
us7000n74c,geo,Random Forest,5.4,5.691
ak024ahahkdx,geo,Random Forest,3.5,3.635800000000005
ci40703159,geo,Random Forest,3.61,3.6782999999999997
uu80078591,geo,Random Forest,3.29,4.071200000000001
ak024ahfsqha,geo,Random Forest,3.6,3.9024
us7000n7ae,geo,Random Forest,3.8,4.031000000000003
tx2024qamq,geo,Random Forest,3.8,3.701000000000002
us7000n7b8,geo,Random Forest,6.1,5.866999999999999
ak024aiz7bgz,geo,Random Forest,3.7,3.895800000000004
ak024am4pt2a,geo,Random Forest,3.6,3.863300000000004
us7000n7v7,geo,Random Forest,5.7,5.599999999999997
us7000n803,geo,Random Forest,4.0,4.251000000000005
ak024anwp3rf,geo,Random Forest,3.5,4.3960000000000035
ak024apmmyun,geo,Random Forest,3.3,3.889600000000001
us7000n8ey,geo,Random Forest,5.5,5.813
ak024asoq1gu,geo,Random Forest,3.8,3.6076000000000037
us7000n8ql,geo,Random Forest,4.4,3.644000000000002
us7000n8wd,geo,Random Forest,4.2,3.629999999999997
tx2024qnpx,geo,Random Forest,3.9,3.581999999999997
ak024aue0wms,geo,Random Forest,3.1,3.725800000000004
nn00882840,geo,Random Forest,3.0,3.6608000000000027
nn00882850,geo,Random Forest,3.3,3.624600000000003
us7000n90a,geo,Random Forest,4.3,3.6008000000000027
nn00882856,geo,Random Forest,4.3,3.533800000000002
us7000n93k,geo,Random Forest,3.9,4.093000000000004
nn00882900,geo,Random Forest,3.3,3.630900000000001
us7000n974,geo,Random Forest,3.2,4.072899999999999
nn00882931,geo,Random Forest,3.3,3.528600000000003
nn00882938,geo,Random Forest,3.4,3.572000000000003
nn00882964,geo,Random Forest,3.9,3.622700000000003
us7000n9d8,geo,Random Forest,3.6,4.576
ak024axy3ol9,geo,Random Forest,3.6,4.538999999999999
us7000n9fh,geo,Random Forest,5.4,5.492999999999996
us7000n9hl,geo,Random Forest,5.5,5.747999999999998
at00siu1as,geo,Random Forest,5.0,4.366999999999999
us6000nmvh,geo,Random Forest,5.1,4.570999999999999
ak024azio1hm,geo,Random Forest,5.0,4.58
ak024b15x0ci,geo,Random Forest,3.9,4.58
us6000nn2e,geo,Random Forest,4.0,4.565999999999999
us6000nn4i,geo,Random Forest,4.8,3.7689999999999957
us6000nn4q,geo,Random Forest,5.1,5.442
ci40717127,geo,Random Forest,3.31,3.2407999999999966
tx2024qyag,geo,Random Forest,3.9,3.522800000000002
us6000nncs,geo,Random Forest,6.1,5.688799999999998
us6000nnfd,geo,Random Forest,5.4,5.936999999999997
ak024b66fres,geo,Random Forest,4.0,4.100999999999999
us6000nnqj,geo,Random Forest,4.4,4.53
ak024b7jdl49,geo,Random Forest,3.5,4.328
us6000nnt8,geo,Random Forest,3.7,3.817000000000001
ak024b7nl895,geo,Random Forest,3.7,3.6498000000000004
tx2024rcoz,geo,Random Forest,3.3,3.492999999999999
us6000nnuf,geo,Random Forest,3.6,3.5560000000000014
us6000nnv1,geo,Random Forest,3.6,3.662999999999999
tx2024rctc,geo,Random Forest,3.4,3.585999999999997
us6000np16,geo,Random Forest,3.5,3.9729000000000054
us6000np1d,geo,Random Forest,3.8,4.770200000000002
nc75056036,geo,Random Forest,3.4,3.635600000000003
ak024b9eizri,geo,Random Forest,4.6,3.6639999999999997
ci40722367,geo,Random Forest,3.14,3.322700000000002
ak024bb0yj99,geo,Random Forest,3.4,3.8358000000000034
nc75056881,geo,Random Forest,3.46,4.058399999999999
us6000npl9,geo,Random Forest,4.0,4.4419999999999975
us6000nprj,geo,Random Forest,3.0,3.6176000000000017
us6000nprk,geo,Random Forest,3.1,3.618200000000001
nn00883977,geo,Random Forest,3.1,4.020800000000001
us6000nprr,geo,Random Forest,4.3,4.020999999999998
ak024bftos9s,geo,Random Forest,3.1,3.642300000000002
us6000npu5,geo,Random Forest,5.7,5.724999999999999
nc75057881,geo,Random Forest,3.32,4.300400000000004
ak024bg502ak,geo,Random Forest,3.5,3.638800000000003
us6000nq0y,geo,Random Forest,5.7,6.062
nc75058116,geo,Random Forest,3.47,3.6052000000000026
us6000nq4h,geo,Random Forest,4.3,4.514000000000002
ci40727055,geo,Random Forest,3.17,3.349700000000002
nc75058606,geo,Random Forest,4.28,3.654800000000001
nc75058591,geo,Random Forest,3.09,3.654800000000001
ci40727423,geo,Random Forest,3.45,3.715299999999998
ci40727543,geo,Random Forest,3.94,3.6706
ak024bjghahf,geo,Random Forest,3.9,3.758800000000004
ak024bjhu6mh,geo,Random Forest,3.4,4.454999999999999
uu80081806,geo,Random Forest,3.35,3.598500000000001
us6000nqee,geo,Random Forest,3.9,3.5558999999999985
tx2024rquq,geo,Random Forest,3.8,3.608999999999997
tx2024rteg,geo,Random Forest,3.3,3.317199999999996
ak024bmotm5n,geo,Random Forest,3.5,3.7255000000000043
us6000nqrs,geo,Random Forest,5.4,5.52
tx2024rvqa,geo,Random Forest,3.8,3.526999999999999
ak024bofw3ks,geo,Random Forest,4.0,3.7459999999999978
ak024bpq2tje,geo,Random Forest,3.6,3.8390000000000004
ak024bpttx2t,geo,Random Forest,3.5,4.1254000000000035
us7000nd1m,geo,Random Forest,5.4,5.233000000000004
nn00884526,geo,Random Forest,3.5,4.2907
ak024bpxi37y,geo,Random Forest,3.9,4.153999999999999
ak024brf3kl8,geo,Random Forest,4.0,3.9429999999999996
us7000nd7s,geo,Random Forest,3.9,4.024999999999997
ci40731623,geo,Random Forest,4.69,3.729199999999999
ci40731759,geo,Random Forest,3.44,3.7756999999999983
ci40731847,geo,Random Forest,3.43,3.7756999999999983
ci40732519,geo,Random Forest,3.23,3.7756999999999983
us7000ndp6,geo,Random Forest,5.7,5.614000000000001
us7000ndsq,geo,Random Forest,3.9,4.639999999999998
ak024bux6req,geo,Random Forest,4.3,3.9430999999999976
us7000ndte,geo,Random Forest,4.1,3.5649999999999995
tx2024scvz,geo,Random Forest,3.9,3.5529999999999973
us7000ne1l,geo,Random Forest,5.0,4.277000000000004
us7000ne1t,geo,Random Forest,5.5,5.566
ak024bwl81gj,geo,Random Forest,4.3,3.780400000000004
us7000ne51,geo,Random Forest,6.5,4.617999999999992
us7000ne5y,geo,Random Forest,4.7,4.6159999999999926
ci40734823,geo,Random Forest,3.7,3.774099999999998
us7000ne8y,geo,Random Forest,5.5,6.115000000000001
us7000ne9g,geo,Random Forest,4.5,4.231000000000003
us7000neam,geo,Random Forest,4.6,4.195000000000002
ak024byar90f,geo,Random Forest,3.6,4.566000000000001
us7000nebk,geo,Random Forest,3.9,4.4140000000000015
us7000necw,geo,Random Forest,4.8,3.866
tx2024shcj,geo,Random Forest,5.1,3.664000000000003
us6000nsvf,geo,Random Forest,4.2,4.481399999999995
ak024afh4bqb,geo,Gradient Boosting,3.6,3.679807092602747
tx2024pxly,geo,Gradient Boosting,3.6,4.087100824362972
us6000nk0u,geo,Gradient Boosting,3.6,4.036668438180248
us7000n74c,geo,Gradient Boosting,5.4,5.643704989581831
ak024ahahkdx,geo,Gradient Boosting,3.5,3.679807092602747
ci40703159,geo,Gradient Boosting,3.61,3.613369865539567
uu80078591,geo,Gradient Boosting,3.29,3.984802026567427
ak024ahfsqha,geo,Gradient Boosting,3.6,3.911219907050345
us7000n7ae,geo,Gradient Boosting,3.8,4.136750738240756
tx2024qamq,geo,Gradient Boosting,3.8,3.808168785990006
us7000n7b8,geo,Gradient Boosting,6.1,5.694424833952288
ak024aiz7bgz,geo,Gradient Boosting,3.7,3.946585062235481
ak024am4pt2a,geo,Gradient Boosting,3.6,3.8436383848185947
us7000n7v7,geo,Gradient Boosting,5.7,5.6267522349309775
us7000n803,geo,Gradient Boosting,4.0,4.303819746570297
ak024anwp3rf,geo,Gradient Boosting,3.5,4.303819746570297
ak024apmmyun,geo,Gradient Boosting,3.3,3.7542097208990124
us7000n8ey,geo,Gradient Boosting,5.5,5.790984739811099
ak024asoq1gu,geo,Gradient Boosting,3.8,3.679807092602747
us7000n8ql,geo,Gradient Boosting,4.4,3.9838280530656838
us7000n8wd,geo,Gradient Boosting,4.2,3.6194329007203074
tx2024qnpx,geo,Gradient Boosting,3.9,3.6090793352181865
ak024aue0wms,geo,Gradient Boosting,3.1,3.7948938290692404
nn00882840,geo,Gradient Boosting,3.0,3.5729418928371186
nn00882850,geo,Gradient Boosting,3.3,3.593329248264875
us7000n90a,geo,Gradient Boosting,4.3,3.5729418928371186
nn00882856,geo,Gradient Boosting,4.3,3.5729418928371186
us7000n93k,geo,Gradient Boosting,3.9,4.263368279867473
nn00882900,geo,Gradient Boosting,3.3,3.5729418928371186
us7000n974,geo,Gradient Boosting,3.2,3.9613496275946685
nn00882931,geo,Gradient Boosting,3.3,3.5729418928371186
nn00882938,geo,Gradient Boosting,3.4,3.5729418928371186
nn00882964,geo,Gradient Boosting,3.9,3.593329248264875
us7000n9d8,geo,Gradient Boosting,3.6,4.039069787858941
ak024axy3ol9,geo,Gradient Boosting,3.6,4.236010559487783
us7000n9fh,geo,Gradient Boosting,5.4,5.6635105044769505
us7000n9hl,geo,Gradient Boosting,5.5,5.736657816580168
at00siu1as,geo,Gradient Boosting,5.0,4.140204558752129
us6000nmvh,geo,Gradient Boosting,5.1,4.140204558752129
ak024azio1hm,geo,Gradient Boosting,5.0,4.140204558752129
ak024b15x0ci,geo,Gradient Boosting,3.9,4.140204558752129
us6000nn2e,geo,Gradient Boosting,4.0,4.039069787858941
us6000nn4i,geo,Gradient Boosting,4.8,3.978110855377846
us6000nn4q,geo,Gradient Boosting,5.1,5.435040892760509
ci40717127,geo,Gradient Boosting,3.31,3.6376179658877423
tx2024qyag,geo,Gradient Boosting,3.9,3.58302001362994
us6000nncs,geo,Gradient Boosting,6.1,5.58725752640744
us6000nnfd,geo,Gradient Boosting,5.4,5.839492801677898
ak024b66fres,geo,Gradient Boosting,4.0,4.12168863115508
us6000nnqj,geo,Gradient Boosting,4.4,4.208711378692688
ak024b7jdl49,geo,Gradient Boosting,3.5,4.149785201203527
us6000nnt8,geo,Gradient Boosting,3.7,3.801153196408445
ak024b7nl895,geo,Gradient Boosting,3.7,3.8524216380166405
tx2024rcoz,geo,Gradient Boosting,3.3,3.6090793352181865
us6000nnuf,geo,Gradient Boosting,3.6,3.7089171169838275
us6000nnv1,geo,Gradient Boosting,3.6,3.717955057025852
tx2024rctc,geo,Gradient Boosting,3.4,3.618117275260211
us6000np16,geo,Gradient Boosting,3.5,4.1223368128241376
us6000np1d,geo,Gradient Boosting,3.8,5.082869555737852
nc75056036,geo,Gradient Boosting,3.4,3.720186288219942
ak024b9eizri,geo,Gradient Boosting,4.6,3.8524216380166405
ci40722367,geo,Gradient Boosting,3.14,3.3730125503989705
ak024bb0yj99,geo,Gradient Boosting,3.4,3.9273043265046397
nc75056881,geo,Gradient Boosting,3.46,3.984802026567427
us6000npl9,geo,Gradient Boosting,4.0,4.257197291920872
us6000nprj,geo,Gradient Boosting,3.0,3.5547337528531773
us6000nprk,geo,Gradient Boosting,3.1,3.5547337528531773
nn00883977,geo,Gradient Boosting,3.1,3.9613496275946685
us6000nprr,geo,Gradient Boosting,4.3,3.863694069074974
ak024bftos9s,geo,Gradient Boosting,3.1,3.679807092602747
us6000npu5,geo,Gradient Boosting,5.7,5.790984739811099
nc75057881,geo,Gradient Boosting,3.32,4.012875411569387
ak024bg502ak,geo,Gradient Boosting,3.5,3.775613093338399
us6000nq0y,geo,Gradient Boosting,5.7,5.726862359056177
nc75058116,geo,Gradient Boosting,3.47,3.5134342918143933
us6000nq4h,geo,Gradient Boosting,4.3,4.1310166283924685
ci40727055,geo,Gradient Boosting,3.17,3.3730125503989705
nc75058606,geo,Gradient Boosting,4.28,3.468701939069609
nc75058591,geo,Gradient Boosting,3.09,3.468701939069609
ci40727423,geo,Gradient Boosting,3.45,3.491314094744069
ci40727543,geo,Gradient Boosting,3.94,3.511701450171826
ak024bjghahf,geo,Gradient Boosting,3.9,3.7847147733875066
ak024bjhu6mh,geo,Gradient Boosting,3.4,4.092728024060813
uu80081806,geo,Gradient Boosting,3.35,3.586026189126406
us6000nqee,geo,Gradient Boosting,3.9,3.7583361530890786
tx2024rquq,geo,Gradient Boosting,3.8,3.6090793352181865
tx2024rteg,geo,Gradient Boosting,3.3,3.58302001362994
ak024bmotm5n,geo,Gradient Boosting,3.5,3.8436383848185947
us6000nqrs,geo,Gradient Boosting,5.4,5.703997460251262
tx2024rvqa,geo,Gradient Boosting,3.8,3.6090793352181865
ak024bofw3ks,geo,Gradient Boosting,4.0,3.807434281185611
ak024bpq2tje,geo,Gradient Boosting,3.6,3.854811432610315
ak024bpttx2t,geo,Gradient Boosting,3.5,4.324427663581781
us7000nd1m,geo,Gradient Boosting,5.4,5.478471598218939
nn00884526,geo,Gradient Boosting,3.5,4.048930613619354
ak024bpxi37y,geo,Gradient Boosting,3.9,4.125336328962128
ak024brf3kl8,geo,Gradient Boosting,4.0,3.807434281185611
us7000nd7s,geo,Gradient Boosting,3.9,3.863694069074974
ci40731623,geo,Gradient Boosting,4.69,3.405403211075024
ci40731759,geo,Gradient Boosting,3.44,3.405403211075024
ci40731847,geo,Gradient Boosting,3.43,3.405403211075024
ci40732519,geo,Gradient Boosting,3.23,3.405403211075024
us7000ndp6,geo,Gradient Boosting,5.7,5.718613269839457
us7000ndsq,geo,Gradient Boosting,3.9,4.387701792654024
ak024bux6req,geo,Gradient Boosting,4.3,3.957915286105292
us7000ndte,geo,Gradient Boosting,4.1,3.7089171169838275
tx2024scvz,geo,Gradient Boosting,3.9,3.58302001362994
us7000ne1l,geo,Gradient Boosting,5.0,4.139945344238525
us7000ne1t,geo,Gradient Boosting,5.5,5.5831346315597745
ak024bwl81gj,geo,Gradient Boosting,4.3,3.8436383848185947
us7000ne51,geo,Gradient Boosting,6.5,4.279650388377607
us7000ne5y,geo,Gradient Boosting,4.7,4.279650388377607
ci40734823,geo,Gradient Boosting,3.7,3.405403211075024
us7000ne8y,geo,Gradient Boosting,5.5,5.8380705961544885
us7000ne9g,geo,Gradient Boosting,4.5,4.263368279867473
us7000neam,geo,Gradient Boosting,4.6,4.028178822313886
ak024byar90f,geo,Gradient Boosting,3.6,4.1310166283924685
us7000nebk,geo,Gradient Boosting,3.9,4.1310166283924685
us7000necw,geo,Gradient Boosting,4.8,3.8021579905205365
tx2024shcj,geo,Gradient Boosting,5.1,3.74137203883569
us6000nsvf,geo,Gradient Boosting,4.2,4.192069402352922
ak024afh4bqb,catalog,Median baseline,3.6,5.4
tx2024pxly,catalog,Median baseline,3.6,5.4
us6000nk0u,catalog,Median baseline,3.6,5.4
us7000n74c,catalog,Median baseline,5.4,5.4
ak024ahahkdx,catalog,Median baseline,3.5,5.4
ci40703159,catalog,Median baseline,3.61,5.4
uu80078591,catalog,Median baseline,3.29,5.4
ak024ahfsqha,catalog,Median baseline,3.6,5.4
us7000n7ae,catalog,Median baseline,3.8,5.4
tx2024qamq,catalog,Median baseline,3.8,5.4
us7000n7b8,catalog,Median baseline,6.1,5.4
ak024aiz7bgz,catalog,Median baseline,3.7,5.4
ak024am4pt2a,catalog,Median baseline,3.6,5.4
us7000n7v7,catalog,Median baseline,5.7,5.4
us7000n803,catalog,Median baseline,4.0,5.4
ak024anwp3rf,catalog,Median baseline,3.5,5.4
ak024apmmyun,catalog,Median baseline,3.3,5.4
us7000n8ey,catalog,Median baseline,5.5,5.4
ak024asoq1gu,catalog,Median baseline,3.8,5.4
us7000n8ql,catalog,Median baseline,4.4,5.4
us7000n8wd,catalog,Median baseline,4.2,5.4
tx2024qnpx,catalog,Median baseline,3.9,5.4
ak024aue0wms,catalog,Median baseline,3.1,5.4
nn00882840,catalog,Median baseline,3.0,5.4
nn00882850,catalog,Median baseline,3.3,5.4
us7000n90a,catalog,Median baseline,4.3,5.4
nn00882856,catalog,Median baseline,4.3,5.4
us7000n93k,catalog,Median baseline,3.9,5.4
nn00882900,catalog,Median baseline,3.3,5.4
us7000n974,catalog,Median baseline,3.2,5.4
nn00882931,catalog,Median baseline,3.3,5.4
nn00882938,catalog,Median baseline,3.4,5.4
nn00882964,catalog,Median baseline,3.9,5.4
us7000n9d8,catalog,Median baseline,3.6,5.4
ak024axy3ol9,catalog,Median baseline,3.6,5.4
us7000n9fh,catalog,Median baseline,5.4,5.4
us7000n9hl,catalog,Median baseline,5.5,5.4
at00siu1as,catalog,Median baseline,5.0,5.4
us6000nmvh,catalog,Median baseline,5.1,5.4
ak024azio1hm,catalog,Median baseline,5.0,5.4
ak024b15x0ci,catalog,Median baseline,3.9,5.4
us6000nn2e,catalog,Median baseline,4.0,5.4
us6000nn4i,catalog,Median baseline,4.8,5.4
us6000nn4q,catalog,Median baseline,5.1,5.4
ci40717127,catalog,Median baseline,3.31,5.4
tx2024qyag,catalog,Median baseline,3.9,5.4
us6000nncs,catalog,Median baseline,6.1,5.4
us6000nnfd,catalog,Median baseline,5.4,5.4
ak024b66fres,catalog,Median baseline,4.0,5.4
us6000nnqj,catalog,Median baseline,4.4,5.4
ak024b7jdl49,catalog,Median baseline,3.5,5.4
us6000nnt8,catalog,Median baseline,3.7,5.4
ak024b7nl895,catalog,Median baseline,3.7,5.4
tx2024rcoz,catalog,Median baseline,3.3,5.4
us6000nnuf,catalog,Median baseline,3.6,5.4
us6000nnv1,catalog,Median baseline,3.6,5.4
tx2024rctc,catalog,Median baseline,3.4,5.4
us6000np16,catalog,Median baseline,3.5,5.4
us6000np1d,catalog,Median baseline,3.8,5.4
nc75056036,catalog,Median baseline,3.4,5.4
ak024b9eizri,catalog,Median baseline,4.6,5.4
ci40722367,catalog,Median baseline,3.14,5.4
ak024bb0yj99,catalog,Median baseline,3.4,5.4
nc75056881,catalog,Median baseline,3.46,5.4
us6000npl9,catalog,Median baseline,4.0,5.4
us6000nprj,catalog,Median baseline,3.0,5.4
us6000nprk,catalog,Median baseline,3.1,5.4
nn00883977,catalog,Median baseline,3.1,5.4
us6000nprr,catalog,Median baseline,4.3,5.4
ak024bftos9s,catalog,Median baseline,3.1,5.4
us6000npu5,catalog,Median baseline,5.7,5.4
nc75057881,catalog,Median baseline,3.32,5.4
ak024bg502ak,catalog,Median baseline,3.5,5.4
us6000nq0y,catalog,Median baseline,5.7,5.4
nc75058116,catalog,Median baseline,3.47,5.4
us6000nq4h,catalog,Median baseline,4.3,5.4
ci40727055,catalog,Median baseline,3.17,5.4
nc75058606,catalog,Median baseline,4.28,5.4
nc75058591,catalog,Median baseline,3.09,5.4
ci40727423,catalog,Median baseline,3.45,5.4
ci40727543,catalog,Median baseline,3.94,5.4
ak024bjghahf,catalog,Median baseline,3.9,5.4
ak024bjhu6mh,catalog,Median baseline,3.4,5.4
uu80081806,catalog,Median baseline,3.35,5.4
us6000nqee,catalog,Median baseline,3.9,5.4
tx2024rquq,catalog,Median baseline,3.8,5.4
tx2024rteg,catalog,Median baseline,3.3,5.4
ak024bmotm5n,catalog,Median baseline,3.5,5.4
us6000nqrs,catalog,Median baseline,5.4,5.4
tx2024rvqa,catalog,Median baseline,3.8,5.4
ak024bofw3ks,catalog,Median baseline,4.0,5.4
ak024bpq2tje,catalog,Median baseline,3.6,5.4
ak024bpttx2t,catalog,Median baseline,3.5,5.4
us7000nd1m,catalog,Median baseline,5.4,5.4
nn00884526,catalog,Median baseline,3.5,5.4
ak024bpxi37y,catalog,Median baseline,3.9,5.4
ak024brf3kl8,catalog,Median baseline,4.0,5.4
us7000nd7s,catalog,Median baseline,3.9,5.4
ci40731623,catalog,Median baseline,4.69,5.4
ci40731759,catalog,Median baseline,3.44,5.4
ci40731847,catalog,Median baseline,3.43,5.4
ci40732519,catalog,Median baseline,3.23,5.4
us7000ndp6,catalog,Median baseline,5.7,5.4
us7000ndsq,catalog,Median baseline,3.9,5.4
ak024bux6req,catalog,Median baseline,4.3,5.4
us7000ndte,catalog,Median baseline,4.1,5.4
tx2024scvz,catalog,Median baseline,3.9,5.4
us7000ne1l,catalog,Median baseline,5.0,5.4
us7000ne1t,catalog,Median baseline,5.5,5.4
ak024bwl81gj,catalog,Median baseline,4.3,5.4
us7000ne51,catalog,Median baseline,6.5,5.4
us7000ne5y,catalog,Median baseline,4.7,5.4
ci40734823,catalog,Median baseline,3.7,5.4
us7000ne8y,catalog,Median baseline,5.5,5.4
us7000ne9g,catalog,Median baseline,4.5,5.4
us7000neam,catalog,Median baseline,4.6,5.4
ak024byar90f,catalog,Median baseline,3.6,5.4
us7000nebk,catalog,Median baseline,3.9,5.4
us7000necw,catalog,Median baseline,4.8,5.4
tx2024shcj,catalog,Median baseline,5.1,5.4
us6000nsvf,catalog,Median baseline,4.2,5.4
ak024afh4bqb,catalog,Linear Regression,3.6,3.5342815677971844
tx2024pxly,catalog,Linear Regression,3.6,3.51322222924461
us6000nk0u,catalog,Linear Regression,3.6,3.575667711695546
us7000n74c,catalog,Linear Regression,5.4,5.539597785714555
ak024ahahkdx,catalog,Linear Regression,3.5,3.4606600358799295
ci40703159,catalog,Linear Regression,3.61,4.142779535986693
uu80078591,catalog,Linear Regression,3.29,3.3939946493895894
ak024ahfsqha,catalog,Linear Regression,3.6,3.716608419843274
us7000n7ae,catalog,Linear Regression,3.8,3.79420081770942
tx2024qamq,catalog,Linear Regression,3.8,3.563699771246192
us7000n7b8,catalog,Linear Regression,6.1,5.8548505733674725
ak024aiz7bgz,catalog,Linear Regression,3.7,3.657705908804541
ak024am4pt2a,catalog,Linear Regression,3.6,3.471392734935588
us7000n7v7,catalog,Linear Regression,5.7,5.639393425869262
us7000n803,catalog,Linear Regression,4.0,4.235175488228076
ak024anwp3rf,catalog,Linear Regression,3.5,3.734796972872342
ak024apmmyun,catalog,Linear Regression,3.3,3.4060861544203003
us7000n8ey,catalog,Linear Regression,5.5,5.734071669751147
ak024asoq1gu,catalog,Linear Regression,3.8,3.52192374536075
us7000n8ql,catalog,Linear Regression,4.4,4.396819906696902
us7000n8wd,catalog,Linear Regression,4.2,3.9132661831183917
tx2024qnpx,catalog,Linear Regression,3.9,3.8170792906162196
ak024aue0wms,catalog,Linear Regression,3.1,3.0518751605360914
nn00882840,catalog,Linear Regression,3.0,3.2946622233742624
nn00882850,catalog,Linear Regression,3.3,3.352412739538171
us7000n90a,catalog,Linear Regression,4.3,3.937654044060429
nn00882856,catalog,Linear Regression,4.3,3.849976172699643
us7000n93k,catalog,Linear Regression,3.9,4.017994913958073
nn00882900,catalog,Linear Regression,3.3,3.3555779683353153
us7000n974,catalog,Linear Regression,3.2,3.442779377769949
nn00882931,catalog,Linear Regression,3.3,3.3436232691507985
nn00882938,catalog,Linear Regression,3.4,3.3733767350611115
nn00882964,catalog,Linear Regression,3.9,3.7281919407682342
us7000n9d8,catalog,Linear Regression,3.6,3.7796998398074404
ak024axy3ol9,catalog,Linear Regression,3.6,3.4898721855466475
us7000n9fh,catalog,Linear Regression,5.4,6.485530660063489
us7000n9hl,catalog,Linear Regression,5.5,5.624054444761855
at00siu1as,catalog,Linear Regression,5.0,5.28820182095249
us6000nmvh,catalog,Linear Regression,5.1,4.9339467108197255
ak024azio1hm,catalog,Linear Regression,5.0,4.31347079693508
ak024b15x0ci,catalog,Linear Regression,3.9,3.9668491990478216
us6000nn2e,catalog,Linear Regression,4.0,3.9533666101276568
us6000nn4i,catalog,Linear Regression,4.8,4.320277013847084
us6000nn4q,catalog,Linear Regression,5.1,5.594219873855437
ci40717127,catalog,Linear Regression,3.31,3.6392965009549543
tx2024qyag,catalog,Linear Regression,3.9,3.6036771193593675
us6000nncs,catalog,Linear Regression,6.1,5.879836613439411
us6000nnfd,catalog,Linear Regression,5.4,5.406877381109468
ak024b66fres,catalog,Linear Regression,4.0,4.0256893161831675
us6000nnqj,catalog,Linear Regression,4.4,4.508460758455373
ak024b7jdl49,catalog,Linear Regression,3.5,3.723489431804552
us6000nnt8,catalog,Linear Regression,3.7,3.8814593745093635
ak024b7nl895,catalog,Linear Regression,3.7,3.5965936966091014
tx2024rcoz,catalog,Linear Regression,3.3,3.4668378192831577
us6000nnuf,catalog,Linear Regression,3.6,3.6324381979959828
us6000nnv1,catalog,Linear Regression,3.6,3.5508174739491185
tx2024rctc,catalog,Linear Regression,3.4,3.45912242960275
us6000np16,catalog,Linear Regression,3.5,3.4799786386163465
us6000np1d,catalog,Linear Regression,3.8,4.743664775118507
nc75056036,catalog,Linear Regression,3.4,3.1625070113354155
ak024b9eizri,catalog,Linear Regression,4.6,4.364774270956474
ci40722367,catalog,Linear Regression,3.14,3.733925322976816
ak024bb0yj99,catalog,Linear Regression,3.4,3.673058048184605
nc75056881,catalog,Linear Regression,3.46,3.3814101986640877
us6000npl9,catalog,Linear Regression,4.0,4.107419740352502
us6000nprj,catalog,Linear Regression,3.0,3.424595840943369
us6000nprk,catalog,Linear Regression,3.1,3.4297961275926583
nn00883977,catalog,Linear Regression,3.1,3.320707536651348
us6000nprr,catalog,Linear Regression,4.3,4.419884538341229
ak024bftos9s,catalog,Linear Regression,3.1,3.456297715256002
us6000npu5,catalog,Linear Regression,5.7,5.755406498650579
nc75057881,catalog,Linear Regression,3.32,3.0846041716870936
ak024bg502ak,catalog,Linear Regression,3.5,3.2836061512910066
us6000nq0y,catalog,Linear Regression,5.7,5.7864377664477935
nc75058116,catalog,Linear Regression,3.47,3.1852485189654343
us6000nq4h,catalog,Linear Regression,4.3,4.057762396485436
ci40727055,catalog,Linear Regression,3.17,3.7344461024040028
nc75058606,catalog,Linear Regression,4.28,3.8563101811748384
nc75058591,catalog,Linear Regression,3.09,3.387725953760543
ci40727423,catalog,Linear Regression,3.45,4.23376304251819
ci40727543,catalog,Linear Regression,3.94,4.545656738189195
ak024bjghahf,catalog,Linear Regression,3.9,3.6165381221247053
ak024bjhu6mh,catalog,Linear Regression,3.4,3.59657651589414
uu80081806,catalog,Linear Regression,3.35,3.469374833405735
us6000nqee,catalog,Linear Regression,3.9,3.6177092711145367
tx2024rquq,catalog,Linear Regression,3.8,3.565597490090061
tx2024rteg,catalog,Linear Regression,3.3,3.4467803477420924
ak024bmotm5n,catalog,Linear Regression,3.5,3.4777035745856253
us6000nqrs,catalog,Linear Regression,5.4,5.363321811941361
tx2024rvqa,catalog,Linear Regression,3.8,3.740943704915649
ak024bofw3ks,catalog,Linear Regression,4.0,3.880243768298138
ak024bpq2tje,catalog,Linear Regression,3.6,3.682027221665455
ak024bpttx2t,catalog,Linear Regression,3.5,3.479021288835007
us7000nd1m,catalog,Linear Regression,5.4,5.640223674397813
nn00884526,catalog,Linear Regression,3.5,3.3991963473450477
ak024bpxi37y,catalog,Linear Regression,3.9,3.608259994513192
ak024brf3kl8,catalog,Linear Regression,4.0,3.5288234745449802
us7000nd7s,catalog,Linear Regression,3.9,3.969462756578913
ci40731623,catalog,Linear Regression,4.69,4.809022602637171
ci40731759,catalog,Linear Regression,3.44,3.664068077476584
ci40731847,catalog,Linear Regression,3.43,3.6676967569311607
ci40732519,catalog,Linear Regression,3.23,3.80087751467579
us7000ndp6,catalog,Linear Regression,5.7,5.629714471100373
us7000ndsq,catalog,Linear Regression,3.9,4.4555779619134
ak024bux6req,catalog,Linear Regression,4.3,3.8691861701915826
us7000ndte,catalog,Linear Regression,4.1,4.151771327115008
tx2024scvz,catalog,Linear Regression,3.9,3.7441443661866978
us7000ne1l,catalog,Linear Regression,5.0,5.023012265243313
us7000ne1t,catalog,Linear Regression,5.5,5.671758653624384
ak024bwl81gj,catalog,Linear Regression,4.3,3.7954819980197465
us7000ne51,catalog,Linear Regression,6.5,5.396602612482434
us7000ne5y,catalog,Linear Regression,4.7,4.36389784319659
ci40734823,catalog,Linear Regression,3.7,4.405564496835676
us7000ne8y,catalog,Linear Regression,5.5,5.720639040670436
us7000ne9g,catalog,Linear Regression,4.5,4.159588703620197
us7000neam,catalog,Linear Regression,4.6,4.633849028591985
ak024byar90f,catalog,Linear Regression,3.6,3.4761653358048097
us7000nebk,catalog,Linear Regression,3.9,3.901017790473537
us7000necw,catalog,Linear Regression,4.8,5.933598313366088
tx2024shcj,catalog,Linear Regression,5.1,5.48985051308158
us6000nsvf,catalog,Linear Regression,4.2,4.153641233506468
ak024afh4bqb,catalog,Random Forest,3.6,3.600000000000003
tx2024pxly,catalog,Random Forest,3.6,3.5860999999999983
us6000nk0u,catalog,Random Forest,3.6,3.594500000000002
us7000n74c,catalog,Random Forest,5.4,5.460999999999998
ak024ahahkdx,catalog,Random Forest,3.5,3.4791999999999996
ci40703159,catalog,Random Forest,3.61,4.024299999999999
uu80078591,catalog,Random Forest,3.29,3.2603000000000035
ak024ahfsqha,catalog,Random Forest,3.6,3.600000000000003
us7000n7ae,catalog,Random Forest,3.8,3.8170000000000055
tx2024qamq,catalog,Random Forest,3.8,3.7748000000000053
us7000n7b8,catalog,Random Forest,6.1,6.013000000000002
ak024aiz7bgz,catalog,Random Forest,3.7,4.164299999999998
ak024am4pt2a,catalog,Random Forest,3.6,3.600000000000003
us7000n7v7,catalog,Random Forest,5.7,5.675999999999999
us7000n803,catalog,Random Forest,4.0,3.9903999999999993
ak024anwp3rf,catalog,Random Forest,3.5,3.5
ak024apmmyun,catalog,Random Forest,3.3,3.2346000000000026
us7000n8ey,catalog,Random Forest,5.5,5.476
ak024asoq1gu,catalog,Random Forest,3.8,3.8915999999999973
us7000n8ql,catalog,Random Forest,4.4,4.353100000000001
us7000n8wd,catalog,Random Forest,4.2,4.101600000000001
tx2024qnpx,catalog,Random Forest,3.9,3.9201999999999955
ak024aue0wms,catalog,Random Forest,3.1,3.171399999999999
nn00882840,catalog,Random Forest,3.0,3.1978999999999957
nn00882850,catalog,Random Forest,3.3,3.2608000000000033
us7000n90a,catalog,Random Forest,4.3,4.089100000000003
nn00882856,catalog,Random Forest,4.3,4.189
us7000n93k,catalog,Random Forest,3.9,3.9083999999999963
nn00882900,catalog,Random Forest,3.3,3.2621000000000038
us7000n974,catalog,Random Forest,3.2,3.2003999999999992
nn00882931,catalog,Random Forest,3.3,3.264800000000003
nn00882938,catalog,Random Forest,3.4,3.3655999999999984
nn00882964,catalog,Random Forest,3.9,3.921299999999998
us7000n9d8,catalog,Random Forest,3.6,3.5851000000000037
ak024axy3ol9,catalog,Random Forest,3.6,3.600000000000003
us7000n9fh,catalog,Random Forest,5.4,6.2163999999999975
us7000n9hl,catalog,Random Forest,5.5,5.460999999999997
at00siu1as,catalog,Random Forest,5.0,4.626000000000001
us6000nmvh,catalog,Random Forest,5.1,5.104600000000008
ak024azio1hm,catalog,Random Forest,5.0,4.6734
ak024b15x0ci,catalog,Random Forest,3.9,3.9013999999999966
us6000nn2e,catalog,Random Forest,4.0,3.968799999999999
us6000nn4i,catalog,Random Forest,4.8,4.587000000000002
us6000nn4q,catalog,Random Forest,5.1,5.1000000000000085
ci40717127,catalog,Random Forest,3.31,3.7261000000000006
tx2024qyag,catalog,Random Forest,3.9,3.8999999999999955
us6000nncs,catalog,Random Forest,6.1,6.1089
us6000nnfd,catalog,Random Forest,5.4,5.397999999999991
ak024b66fres,catalog,Random Forest,4.0,3.9637999999999978
us6000nnqj,catalog,Random Forest,4.4,4.303499999999999
ak024b7jdl49,catalog,Random Forest,3.5,3.4726999999999997
us6000nnt8,catalog,Random Forest,3.7,3.6987999999999936
ak024b7nl895,catalog,Random Forest,3.7,3.9587999999999988
tx2024rcoz,catalog,Random Forest,3.3,3.2918000000000056
us6000nnuf,catalog,Random Forest,3.6,3.598100000000004
us6000nnv1,catalog,Random Forest,3.6,3.599900000000003
tx2024rctc,catalog,Random Forest,3.4,3.4009999999999976
us6000np16,catalog,Random Forest,3.5,3.4610999999999996
us6000np1d,catalog,Random Forest,3.8,4.503200000000003
nc75056036,catalog,Random Forest,3.4,3.6123000000000043
ak024b9eizri,catalog,Random Forest,4.6,5.141800000000001
ci40722367,catalog,Random Forest,3.14,3.1487000000000007
ak024bb0yj99,catalog,Random Forest,3.4,3.3268
nc75056881,catalog,Random Forest,3.46,3.4809000000000014
us6000npl9,catalog,Random Forest,4.0,3.9983999999999993
us6000nprj,catalog,Random Forest,3.0,3.185199999999999
us6000nprk,catalog,Random Forest,3.1,3.1791999999999967
nn00883977,catalog,Random Forest,3.1,3.1997999999999984
us6000nprr,catalog,Random Forest,4.3,4.193299999999996
ak024bftos9s,catalog,Random Forest,3.1,3.186999999999998
us6000npu5,catalog,Random Forest,5.7,5.695999999999998
nc75057881,catalog,Random Forest,3.32,3.3592999999999984
ak024bg502ak,catalog,Random Forest,3.5,3.4791999999999996
us6000nq0y,catalog,Random Forest,5.7,5.695999999999999
nc75058116,catalog,Random Forest,3.47,3.625000000000004
us6000nq4h,catalog,Random Forest,4.3,4.075399999999998
ci40727055,catalog,Random Forest,3.17,3.154200000000001
nc75058606,catalog,Random Forest,4.28,4.143799999999998
nc75058591,catalog,Random Forest,3.09,3.195300000000001
ci40727423,catalog,Random Forest,3.45,4.0232
ci40727543,catalog,Random Forest,3.94,4.160499999999995
ak024bjghahf,catalog,Random Forest,3.9,3.9021999999999957
ak024bjhu6mh,catalog,Random Forest,3.4,3.3139999999999987
uu80081806,catalog,Random Forest,3.35,3.3767999999999985
us6000nqee,catalog,Random Forest,3.9,3.8907999999999965
tx2024rquq,catalog,Random Forest,3.8,3.8018000000000067
tx2024rteg,catalog,Random Forest,3.3,3.2895000000000043
ak024bmotm5n,catalog,Random Forest,3.5,3.4896
us6000nqrs,catalog,Random Forest,5.4,5.399999999999991
tx2024rvqa,catalog,Random Forest,3.8,3.835700000000004
ak024bofw3ks,catalog,Random Forest,4.0,3.9663999999999984
ak024bpq2tje,catalog,Random Forest,3.6,3.600000000000003
ak024bpttx2t,catalog,Random Forest,3.5,3.594200000000002
us7000nd1m,catalog,Random Forest,5.4,5.559000000000001
nn00884526,catalog,Random Forest,3.5,3.4984
ak024bpxi37y,catalog,Random Forest,3.9,3.892399999999997
ak024brf3kl8,catalog,Random Forest,4.0,3.9593999999999987
us7000nd7s,catalog,Random Forest,3.9,3.9039999999999964
ci40731623,catalog,Random Forest,4.69,4.4210999999999965
ci40731759,catalog,Random Forest,3.44,3.7990999999999997
ci40731847,catalog,Random Forest,3.43,3.7873999999999994
ci40732519,catalog,Random Forest,3.23,4.157599999999998
us7000ndp6,catalog,Random Forest,5.7,5.698999999999999
us7000ndsq,catalog,Random Forest,3.9,3.921399999999997
ak024bux6req,catalog,Random Forest,4.3,4.130099999999996
us7000ndte,catalog,Random Forest,4.1,4.088799999999999
tx2024scvz,catalog,Random Forest,3.9,3.9201999999999955
us7000ne1l,catalog,Random Forest,5.0,4.8104
us7000ne1t,catalog,Random Forest,5.5,5.5
ak024bwl81gj,catalog,Random Forest,4.3,4.5643
us7000ne51,catalog,Random Forest,6.5,5.502099999999996
us7000ne5y,catalog,Random Forest,4.7,4.491599999999999
ci40734823,catalog,Random Forest,3.7,4.0196000000000005
us7000ne8y,catalog,Random Forest,5.5,5.494999999999999
us7000ne9g,catalog,Random Forest,4.5,4.496000000000001
us7000neam,catalog,Random Forest,4.6,4.5996000000000015
ak024byar90f,catalog,Random Forest,3.6,3.600000000000003
us7000nebk,catalog,Random Forest,3.9,3.903399999999997
us7000necw,catalog,Random Forest,4.8,5.317899999999998
tx2024shcj,catalog,Random Forest,5.1,4.8292
us6000nsvf,catalog,Random Forest,4.2,4.136800000000001
ak024afh4bqb,catalog,Gradient Boosting,3.6,3.582260350078877
tx2024pxly,catalog,Gradient Boosting,3.6,3.58998552010804
us6000nk0u,catalog,Gradient Boosting,3.6,3.612532679545016
us7000n74c,catalog,Gradient Boosting,5.4,5.459637137798016
ak024ahahkdx,catalog,Gradient Boosting,3.5,3.470365102831619
ci40703159,catalog,Gradient Boosting,3.61,4.046077405298362
uu80078591,catalog,Gradient Boosting,3.29,3.3030119075495734
ak024ahfsqha,catalog,Gradient Boosting,3.6,3.646020294253647
us7000n7ae,catalog,Gradient Boosting,3.8,3.8511151205984673
tx2024qamq,catalog,Gradient Boosting,3.8,3.766268510841979
us7000n7b8,catalog,Gradient Boosting,6.1,6.0011273742055105
ak024aiz7bgz,catalog,Gradient Boosting,3.7,4.076800128937016
ak024am4pt2a,catalog,Gradient Boosting,3.6,3.5796625007131224
us7000n7v7,catalog,Gradient Boosting,5.7,5.718571690970827
us7000n803,catalog,Gradient Boosting,4.0,3.976775492034005
ak024anwp3rf,catalog,Gradient Boosting,3.5,3.537276765964889
ak024apmmyun,catalog,Gradient Boosting,3.3,3.344564380209116
us7000n8ey,catalog,Gradient Boosting,5.5,5.50058854434547
ak024asoq1gu,catalog,Gradient Boosting,3.8,3.8686796669777794
us7000n8ql,catalog,Gradient Boosting,4.4,4.381036043806974
us7000n8wd,catalog,Gradient Boosting,4.2,4.0941082158741295
tx2024qnpx,catalog,Gradient Boosting,3.9,3.9217888282600275
ak024aue0wms,catalog,Gradient Boosting,3.1,3.1235136844876696
nn00882840,catalog,Gradient Boosting,3.0,3.2337388173516404
nn00882850,catalog,Gradient Boosting,3.3,3.3150080094159082
us7000n90a,catalog,Gradient Boosting,4.3,4.056072031413657
nn00882856,catalog,Gradient Boosting,4.3,4.166777748781746
us7000n93k,catalog,Gradient Boosting,3.9,3.9255912692106243
nn00882900,catalog,Gradient Boosting,3.3,3.3110054981501897
us7000n974,catalog,Gradient Boosting,3.2,3.267779130104151
nn00882931,catalog,Gradient Boosting,3.3,3.3150080094159082
nn00882938,catalog,Gradient Boosting,3.4,3.3941249749067968
nn00882964,catalog,Gradient Boosting,3.9,3.8921973418980356
us7000n9d8,catalog,Gradient Boosting,3.6,3.63027808703336
ak024axy3ol9,catalog,Gradient Boosting,3.6,3.6401423964484896
us7000n9fh,catalog,Gradient Boosting,5.4,6.2558873085996165
us7000n9hl,catalog,Gradient Boosting,5.5,5.467884792602898
at00siu1as,catalog,Gradient Boosting,5.0,4.603417256884628
us6000nmvh,catalog,Gradient Boosting,5.1,5.23569450967239
ak024azio1hm,catalog,Gradient Boosting,5.0,4.606187284833742
ak024b15x0ci,catalog,Gradient Boosting,3.9,3.8969255594056236
us6000nn2e,catalog,Gradient Boosting,4.0,3.9473394559759565
us6000nn4i,catalog,Gradient Boosting,4.8,4.522233392379232
us6000nn4q,catalog,Gradient Boosting,5.1,5.186170158148587
ci40717127,catalog,Gradient Boosting,3.31,3.6168977547071286
tx2024qyag,catalog,Gradient Boosting,3.9,3.848704563868592
us6000nncs,catalog,Gradient Boosting,6.1,6.211339024955687
us6000nnfd,catalog,Gradient Boosting,5.4,5.37454568340742
ak024b66fres,catalog,Gradient Boosting,4.0,3.979415222193028
us6000nnqj,catalog,Gradient Boosting,4.4,4.285300182406457
ak024b7jdl49,catalog,Gradient Boosting,3.5,3.4954892903467836
us6000nnt8,catalog,Gradient Boosting,3.7,3.741941406658916
ak024b7nl895,catalog,Gradient Boosting,3.7,3.895421535027432
tx2024rcoz,catalog,Gradient Boosting,3.3,3.320742667753262
us6000nnuf,catalog,Gradient Boosting,3.6,3.6229853684905255
us6000nnv1,catalog,Gradient Boosting,3.6,3.5810563481316158
tx2024rctc,catalog,Gradient Boosting,3.4,3.403154627257156
us6000np16,catalog,Gradient Boosting,3.5,3.450539712726242
us6000np1d,catalog,Gradient Boosting,3.8,4.652231061074448
nc75056036,catalog,Gradient Boosting,3.4,3.5609779640484627
ak024b9eizri,catalog,Gradient Boosting,4.6,5.00350109840683
ci40722367,catalog,Gradient Boosting,3.14,3.1534753186938262
ak024bb0yj99,catalog,Gradient Boosting,3.4,3.359060880846918
nc75056881,catalog,Gradient Boosting,3.46,3.4766910241480575
us6000npl9,catalog,Gradient Boosting,4.0,3.9909628961795134
us6000nprj,catalog,Gradient Boosting,3.0,3.2547441978335234
us6000nprk,catalog,Gradient Boosting,3.1,3.2547441978335234
nn00883977,catalog,Gradient Boosting,3.1,3.2222911561504253
us6000nprr,catalog,Gradient Boosting,4.3,4.163157258017996
ak024bftos9s,catalog,Gradient Boosting,3.1,3.2937507031449
us6000npu5,catalog,Gradient Boosting,5.7,5.682946956217461
nc75057881,catalog,Gradient Boosting,3.32,3.3093562172344075
ak024bg502ak,catalog,Gradient Boosting,3.5,3.459754597541646
us6000nq0y,catalog,Gradient Boosting,5.7,5.681409499778713
nc75058116,catalog,Gradient Boosting,3.47,3.6028996311015082
us6000nq4h,catalog,Gradient Boosting,4.3,4.0823619554046235
ci40727055,catalog,Gradient Boosting,3.17,3.1588807652404247
nc75058606,catalog,Gradient Boosting,4.28,3.8466452976440846
nc75058591,catalog,Gradient Boosting,3.09,3.1783051267583105
ci40727423,catalog,Gradient Boosting,3.45,4.21678501849416
ci40727543,catalog,Gradient Boosting,3.94,4.05656936780134
ak024bjghahf,catalog,Gradient Boosting,3.9,3.8855928988391537
ak024bjhu6mh,catalog,Gradient Boosting,3.4,3.396817888965705
uu80081806,catalog,Gradient Boosting,3.35,3.3599405968539875
us6000nqee,catalog,Gradient Boosting,3.9,3.848704563868592
tx2024rquq,catalog,Gradient Boosting,3.8,3.793618640248025
tx2024rteg,catalog,Gradient Boosting,3.3,3.320742667753262
ak024bmotm5n,catalog,Gradient Boosting,3.5,3.4514721113435787
us6000nqrs,catalog,Gradient Boosting,5.4,5.363954036180059
tx2024rvqa,catalog,Gradient Boosting,3.8,3.8659002898952735
ak024bofw3ks,catalog,Gradient Boosting,4.0,3.9707565903020434
ak024bpq2tje,catalog,Gradient Boosting,3.6,3.628718104780238
ak024bpttx2t,catalog,Gradient Boosting,3.5,3.587691289701091
us7000nd1m,catalog,Gradient Boosting,5.4,5.5742452840152295
nn00884526,catalog,Gradient Boosting,3.5,3.4305745661122033
ak024bpxi37y,catalog,Gradient Boosting,3.9,3.9412893882044426
ak024brf3kl8,catalog,Gradient Boosting,4.0,3.929067686784442
us7000nd7s,catalog,Gradient Boosting,3.9,3.909236182472412
ci40731623,catalog,Gradient Boosting,4.69,4.393330013598202
ci40731759,catalog,Gradient Boosting,3.44,3.8723359314087267
ci40731847,catalog,Gradient Boosting,3.43,3.8952161030272316
ci40732519,catalog,Gradient Boosting,3.23,4.100826376328602
us7000ndp6,catalog,Gradient Boosting,5.7,5.698639414272267
us7000ndsq,catalog,Gradient Boosting,3.9,3.911620147124563
ak024bux6req,catalog,Gradient Boosting,4.3,4.114934115081293
us7000ndte,catalog,Gradient Boosting,4.1,4.0603120459730535
tx2024scvz,catalog,Gradient Boosting,3.9,3.9217888282600275
us7000ne1l,catalog,Gradient Boosting,5.0,4.735106788529016
us7000ne1t,catalog,Gradient Boosting,5.5,5.482493613909666
ak024bwl81gj,catalog,Gradient Boosting,4.3,4.503596508282798
us7000ne51,catalog,Gradient Boosting,6.5,5.503859732546509
us7000ne5y,catalog,Gradient Boosting,4.7,4.604368154498267
ci40734823,catalog,Gradient Boosting,3.7,4.2012214120937506
us7000ne8y,catalog,Gradient Boosting,5.5,5.465096819917443
us7000ne9g,catalog,Gradient Boosting,4.5,4.388286144486064
us7000neam,catalog,Gradient Boosting,4.6,4.604510843297742
ak024byar90f,catalog,Gradient Boosting,3.6,3.653027766436616
us7000nebk,catalog,Gradient Boosting,3.9,3.9186110042128077
us7000necw,catalog,Gradient Boosting,4.8,5.513701553321726
tx2024shcj,catalog,Gradient Boosting,5.1,4.981748275545799
us6000nsvf,catalog,Gradient Boosting,4.2,4.017597912083964
